{"cameraMode":{"drawMode":0,"name":"Shaded","section":"Shading Mode"},"sceneLighting":false,"audioPlay":false,"sceneViewState":{"m_AlwaysRefresh":false,"showFog":true,"showSkybox":true,"showFlares":true,"showImageEffects":true,"showParticleSystems":true,"showVisualEffectGraphs":true,"m_FxEnabled":true},"in2DMode":false,"pivot":{"x":1.658907175064087,"y":0.7311580777168274,"z":34.96989440917969},"rotation":{"x":0.008673382923007012,"y":-0.062360502779483798,"z":-0.0005400373484008014,"w":-0.9980211853981018},"size":14.119998931884766,"orthographic":false}